ListSchema={"schemaXmlList":["<Field ID=\"{fa564e0f-0c70-4ab9-b863-0177e6ddd247}\" Name=\"Title\" SourceID=\"http://schemas.microsoft.com/sharepoint/v3\" StaticName=\"Title\" Group=\"_Hidden\" Type=\"Text\" DisplayName=\"Title\" Required=\"TRUE\" FromBaseType=\"TRUE\" Sealed=\"FALSE\" CustomFormatter=\"\" EnforceUniqueValues=\"TRUE\" Indexed=\"TRUE\" MaxLength=\"255\" Hidden=\"FALSE\" PITarget=\"\" PrimaryPITarget=\"\" PIAttribute=\"\" PrimaryPIAttribute=\"\" Aggregation=\"\" Node=\"\" />","<Field ID=\"{d4e44a66-ee3a-4d02-88c9-4ec5ff3f4cd5}\" Name=\"owshiddenversion\" SourceID=\"http://schemas.microsoft.com/sharepoint/v3\" StaticName=\"owshiddenversion\" Group=\"_Hidden\" Hidden=\"TRUE\" ReadOnly=\"TRUE\" Type=\"Integer\" SetAs=\"owshiddenversion\" DisplayName=\"owshiddenversion\" Sealed=\"FALSE\" FromBaseType=\"TRUE\" />","<Field ID=\"{34ad21eb-75bd-4544-8c73-0e08330291fe}\" Name=\"_ModerationComments\" SourceID=\"http://schemas.microsoft.com/sharepoint/v3\" StaticName=\"_ModerationComments\" Group=\"_Hidden\" ReadOnly=\"TRUE\" Type=\"Note\" DisplayName=\"Approver Comments\" Hidden=\"TRUE\" CanToggleHidden=\"TRUE\" Sortable=\"FALSE\" Sealed=\"FALSE\" FromBaseType=\"TRUE\" />","<Field ID=\"{67df98f4-9dec-48ff-a553-29bece9c5bf4}\" Name=\"Attachments\" SourceID=\"http://schemas.microsoft.com/sharepoint/v3\" StaticName=\"Attachments\" Group=\"Base Columns\" Type=\"Attachments\" DisplayName=\"Attachments\" Sealed=\"FALSE\" FromBaseType=\"TRUE\" />","<Field ID=\"{43bdd51b-3c5b-4e78-90a8-fb2087f71e70}\" Name=\"_Level\" SourceID=\"http://schemas.microsoft.com/sharepoint/v3\" StaticName=\"_Level\" Group=\"_Hidden\" ReadOnly=\"TRUE\" Type=\"Integer\" DisplayName=\"Level\" Hidden=\"TRUE\" FromBaseType=\"TRUE\" Required=\"FALSE\" Sealed=\"FALSE\" />","<Field ID=\"{de8beacf-5505-47cd-80a6-aa44e7ffe2f4}\" Name=\"WorkflowInstanceID\" SourceID=\"http://schemas.microsoft.com/sharepoint/v3\" StaticName=\"WorkflowInstanceID\" Group=\"_Hidden\" ReadOnly=\"TRUE\" Hidden=\"TRUE\" Type=\"Guid\" DisplayName=\"Workflow Instance ID\" Sealed=\"FALSE\" FromBaseType=\"TRUE\" />","<Field ID=\"{1d22ea11-1e32-424e-89ab-9fedbadb6ce1}\" Name=\"ID\" SourceID=\"http://schemas.microsoft.com/sharepoint/v3\" StaticName=\"ID\" Group=\"_Hidden\" ReadOnly=\"TRUE\" Type=\"Counter\" FromBaseType=\"TRUE\" DisplayName=\"ID\" Sealed=\"FALSE\" />","<Field ID=\"{1df5e554-ec7e-46a6-901d-d85a3881cb18}\" Name=\"Author\" SourceID=\"http://schemas.microsoft.com/sharepoint/v3\" StaticName=\"Author\" Group=\"_Hidden\" ReadOnly=\"TRUE\" Type=\"User\" List=\"UserInfo\" DisplayName=\"Created By\" Sealed=\"FALSE\" FromBaseType=\"TRUE\" />","<Field ID=\"{7841bf41-43d0-4434-9f50-a673baef7631}\" Name=\"_UIVersion\" SourceID=\"http://schemas.microsoft.com/sharepoint/v3\" StaticName=\"_UIVersion\" Group=\"_Hidden\" ReadOnly=\"TRUE\" Type=\"Integer\" DisplayName=\"UI Version\" Hidden=\"TRUE\" CanToggleHidden=\"TRUE\" FromBaseType=\"TRUE\" Required=\"FALSE\" Sealed=\"FALSE\" />","<Field ID=\"{d31655d1-1d5b-4511-95a1-7a09e9b75bf2}\" Name=\"Editor\" SourceID=\"http://schemas.microsoft.com/sharepoint/v3\" StaticName=\"Editor\" Group=\"_Hidden\" ReadOnly=\"TRUE\" Type=\"User\" List=\"UserInfo\" DisplayName=\"Modified By\" Sealed=\"FALSE\" FromBaseType=\"TRUE\" />","<Field ID=\"{f1e020bc-ba26-443f-bf2f-b68715017bbc}\" Name=\"WorkflowVersion\" SourceID=\"http://schemas.microsoft.com/sharepoint/v3\" StaticName=\"WorkflowVersion\" Group=\"_Hidden\" Hidden=\"TRUE\" ReadOnly=\"TRUE\" Type=\"Integer\" DisplayName=\"Workflow Version\" Sealed=\"FALSE\" FromBaseType=\"TRUE\" />","<Field ID=\"{c101c3e7-122d-4d4d-bc34-58e94a38c816}\" Name=\"_IsCurrentVersion\" SourceID=\"http://schemas.microsoft.com/sharepoint/v3\" StaticName=\"_IsCurrentVersion\" Group=\"_Hidden\" ReadOnly=\"TRUE\" Type=\"Boolean\" FromBaseType=\"TRUE\" DisplayName=\"Is Current Version\" Hidden=\"TRUE\" Required=\"FALSE\" Sealed=\"FALSE\" />","<Field ID=\"{50a54da4-1528-4e67-954a-e2d24f1e9efb}\" Name=\"InstanceID\" SourceID=\"http://schemas.microsoft.com/sharepoint/v3\" StaticName=\"InstanceID\" Group=\"_Hidden\" DisplayName=\"Instance ID\" ReadOnly=\"TRUE\" Hidden=\"TRUE\" Type=\"Integer\" Min=\"0\" Max=\"99991231\" Filterable=\"TRUE\" Sortable=\"TRUE\" Sealed=\"FALSE\" FromBaseType=\"TRUE\" />","<Field ID=\"{8c06beca-0777-48f7-91c7-6da68bc07b69}\" Name=\"Created\" SourceID=\"http://schemas.microsoft.com/sharepoint/v3\" StaticName=\"Created\" Group=\"_Hidden\" ReadOnly=\"TRUE\" Type=\"DateTime\" DisplayName=\"Created\" StorageTZ=\"TRUE\" Sealed=\"FALSE\" FromBaseType=\"TRUE\" />","<Field ID=\"{28cf69c5-fa48-462a-b5cd-27b6f9d2bd5f}\" Name=\"Modified\" SourceID=\"http://schemas.microsoft.com/sharepoint/v3\" StaticName=\"Modified\" Group=\"_Hidden\" ReadOnly=\"TRUE\" Type=\"DateTime\" DisplayName=\"Modified\" StorageTZ=\"TRUE\" Sealed=\"FALSE\" FromBaseType=\"TRUE\" />","<Field ID=\"{ca4addac-796f-4b23-b093-d2a3f65c0774}\" Name=\"Order\" SourceID=\"http://schemas.microsoft.com/sharepoint/v3\" StaticName=\"Order\" Group=\"_Hidden\" DisplayName=\"Order\" Type=\"Number\" Hidden=\"TRUE\" Sealed=\"FALSE\" FromBaseType=\"TRUE\" />","<Field ID=\"{fdc3b2ed-5bf2-4835-a4bc-b885f3396a61}\" Name=\"_ModerationStatus\" SourceID=\"http://schemas.microsoft.com/sharepoint/v3\" StaticName=\"_ModerationStatus\" Group=\"_Hidden\" ReadOnly=\"TRUE\" Type=\"ModStat\" DisplayName=\"Approval Status\" Hidden=\"TRUE\" CanToggleHidden=\"TRUE\" Required=\"FALSE\" Sealed=\"FALSE\" FromBaseType=\"TRUE\"><CHOICES><CHOICE>0;#Approved</CHOICE><CHOICE>1;#Rejected</CHOICE><CHOICE>2;#Pending</CHOICE><CHOICE>3;#Draft</CHOICE><CHOICE>4;#Scheduled</CHOICE></CHOICES><Default>0</Default></Field>","<Field ID=\"{503f1caa-358e-4918-9094-4a2cdc4bc034}\" Name=\"Edit\" SourceID=\"http://schemas.microsoft.com/sharepoint/v3\" StaticName=\"Edit\" Group=\"Base Columns\" ReadOnly=\"TRUE\" Type=\"Computed\" Sortable=\"FALSE\" Filterable=\"FALSE\" DisplayName=\"Edit\" ClassInfo=\"Icon\" AuthoringInfo=\"(linked to item)\" Sealed=\"FALSE\" FromBaseType=\"TRUE\"><DisplayPattern><IfHasRights><RightsChoices><RightsGroup PermEditListItems=\"required\" /></RightsChoices><Then><HTML><![CDATA[<a href=\"]]></HTML><URL Cmd=\"Edit\" /><HTML><![CDATA[\" onclick=\"EditLink(this, ]]></HTML><Counter Type=\"View\" /><HTML><![CDATA[);return false;\" target=\"_self\">]]></HTML><HTML><![CDATA[<img border=\"0\" alt=\"]]></HTML><HTML>Edit</HTML><HTML><![CDATA[\" src=\"/_layouts/15/images/edititem.gif?rev=47\"/>]]></HTML><HTML><![CDATA[</a>]]></HTML></Then><Else><HTML><![CDATA[&#160;]]></HTML></Else></IfHasRights></DisplayPattern></Field>","<Field ClientSideComponentId=\"00000000-0000-0000-0000-000000000000\" DisplayName=\"Name\" Format=\"Dropdown\" MaxLength=\"255\" Name=\"DisplayName\" Title=\"Name\" Type=\"Text\" ID=\"{f9ad7177-2ea9-4b8c-88da-d24694a9ad12}\" StaticName=\"DisplayName\" />","<Field ClientSideComponentId=\"00000000-0000-0000-0000-000000000000\" DisplayName=\"Email\" Format=\"Dropdown\" MaxLength=\"255\" Name=\"Email\" Required=\"TRUE\" Title=\"Email\" Type=\"Text\" ID=\"{57bf9699-e26d-4407-b32c-78d557a8e4cb}\" StaticName=\"Email\" />","<Field ClientSideComponentId=\"00000000-0000-0000-0000-000000000000\" CustomFormatter=\"{&quot;elmType&quot;:&quot;div&quot;,&quot;style&quot;:{&quot;flex-wrap&quot;:&quot;wrap&quot;,&quot;display&quot;:&quot;flex&quot;},&quot;children&quot;:[{&quot;elmType&quot;:&quot;div&quot;,&quot;style&quot;:{&quot;box-sizing&quot;:&quot;border-box&quot;,&quot;padding&quot;:&quot;4px 8px 5px 8px&quot;,&quot;overflow&quot;:&quot;hidden&quot;,&quot;text-overflow&quot;:&quot;ellipsis&quot;,&quot;display&quot;:&quot;flex&quot;,&quot;border-radius&quot;:&quot;16px&quot;,&quot;height&quot;:&quot;24px&quot;,&quot;align-items&quot;:&quot;center&quot;,&quot;white-space&quot;:&quot;nowrap&quot;,&quot;margin&quot;:&quot;4px 4px 4px 4px&quot;},&quot;attributes&quot;:{&quot;class&quot;:{&quot;operator&quot;:&quot;:&quot;,&quot;operands&quot;:[{&quot;operator&quot;:&quot;==&quot;,&quot;operands&quot;:[&quot;[$Role]&quot;,&quot;Supervisor&quot;]},&quot;sp-css-backgroundColor-BgCornflowerBlue sp-css-color-CornflowerBlueFont&quot;,{&quot;operator&quot;:&quot;:&quot;,&quot;operands&quot;:[{&quot;operator&quot;:&quot;==&quot;,&quot;operands&quot;:[&quot;[$Role]&quot;,&quot;N/A&quot;]},&quot;sp-css-backgroundColor-BgMintGreen sp-css-color-MintGreenFont&quot;,{&quot;operator&quot;:&quot;:&quot;,&quot;operands&quot;:[{&quot;operator&quot;:&quot;==&quot;,&quot;operands&quot;:[&quot;[$Role]&quot;,&quot;&quot;]},&quot;&quot;,&quot;sp-field-borderAllRegular sp-field-borderAllSolid sp-css-borderColor-neutralSecondary&quot;]}]}]}},&quot;children&quot;:[{&quot;elmType&quot;:&quot;span&quot;,&quot;style&quot;:{&quot;overflow&quot;:&quot;hidden&quot;,&quot;text-overflow&quot;:&quot;ellipsis&quot;,&quot;padding&quot;:&quot;0 3px&quot;},&quot;txtContent&quot;:&quot;[$Role]&quot;,&quot;attributes&quot;:{&quot;class&quot;:{&quot;operator&quot;:&quot;:&quot;,&quot;operands&quot;:[{&quot;operator&quot;:&quot;==&quot;,&quot;operands&quot;:[&quot;[$Role]&quot;,&quot;Supervisor&quot;]},&quot;sp-css-color-CornflowerBlueFont&quot;,{&quot;operator&quot;:&quot;:&quot;,&quot;operands&quot;:[{&quot;operator&quot;:&quot;==&quot;,&quot;operands&quot;:[&quot;[$Role]&quot;,&quot;N/A&quot;]},&quot;sp-css-color-MintGreenFont&quot;,{&quot;operator&quot;:&quot;:&quot;,&quot;operands&quot;:[{&quot;operator&quot;:&quot;==&quot;,&quot;operands&quot;:[&quot;[$Role]&quot;,&quot;&quot;]},&quot;&quot;,&quot;&quot;]}]}]}}}]}],&quot;templateId&quot;:&quot;BgColorChoicePill&quot;}\" DisplayName=\"Role\" FillInChoice=\"FALSE\" Format=\"Dropdown\" Name=\"Role\" Title=\"Role\" Type=\"Choice\" ID=\"{b0af4397-193e-44b7-ae42-4ce6231cef7a}\" StaticName=\"Role\"><CHOICES><CHOICE>Supervisor</CHOICE><CHOICE>N/A</CHOICE></CHOICES><Default>N/A</Default></Field>","<Field ClientSideComponentId=\"00000000-0000-0000-0000-000000000000\" CustomFormatter=\"{&quot;elmType&quot;:&quot;div&quot;,&quot;style&quot;:{&quot;flex-wrap&quot;:&quot;wrap&quot;,&quot;display&quot;:&quot;flex&quot;},&quot;children&quot;:[{&quot;elmType&quot;:&quot;div&quot;,&quot;style&quot;:{&quot;box-sizing&quot;:&quot;border-box&quot;,&quot;padding&quot;:&quot;4px 8px 5px 8px&quot;,&quot;overflow&quot;:&quot;hidden&quot;,&quot;text-overflow&quot;:&quot;ellipsis&quot;,&quot;display&quot;:&quot;flex&quot;,&quot;border-radius&quot;:&quot;16px&quot;,&quot;height&quot;:&quot;24px&quot;,&quot;align-items&quot;:&quot;center&quot;,&quot;white-space&quot;:&quot;nowrap&quot;,&quot;margin&quot;:&quot;4px 4px 4px 4px&quot;},&quot;attributes&quot;:{&quot;class&quot;:{&quot;operator&quot;:&quot;:&quot;,&quot;operands&quot;:[{&quot;operator&quot;:&quot;==&quot;,&quot;operands&quot;:[&quot;[$Supervisor]&quot;,&quot;Summer, Dylan H&quot;]},&quot;sp-css-backgroundColor-BgCornflowerBlue sp-css-color-CornflowerBlueFont&quot;,{&quot;operator&quot;:&quot;:&quot;,&quot;operands&quot;:[{&quot;operator&quot;:&quot;==&quot;,&quot;operands&quot;:[&quot;[$Supervisor]&quot;,&quot;Hernandez-Mejia, Jean C&quot;]},&quot;sp-css-backgroundColor-BgMintGreen sp-css-color-MintGreenFont&quot;,{&quot;operator&quot;:&quot;:&quot;,&quot;operands&quot;:[{&quot;operator&quot;:&quot;==&quot;,&quot;operands&quot;:[&quot;[$Supervisor]&quot;,&quot;&quot;]},&quot;&quot;,{&quot;operator&quot;:&quot;:&quot;,&quot;operands&quot;:[{&quot;operator&quot;:&quot;==&quot;,&quot;operands&quot;:[&quot;[$Supervisor]&quot;,&quot;N/A&quot;]},&quot;sp-css-backgroundColor-BgGold sp-css-color-GoldFont&quot;,&quot;sp-field-borderAllRegular sp-field-borderAllSolid sp-css-borderColor-neutralSecondary&quot;]}]}]}]}},&quot;children&quot;:[{&quot;elmType&quot;:&quot;span&quot;,&quot;style&quot;:{&quot;overflow&quot;:&quot;hidden&quot;,&quot;text-overflow&quot;:&quot;ellipsis&quot;,&quot;padding&quot;:&quot;0 3px&quot;},&quot;txtContent&quot;:&quot;[$Supervisor]&quot;,&quot;attributes&quot;:{&quot;class&quot;:{&quot;operator&quot;:&quot;:&quot;,&quot;operands&quot;:[{&quot;operator&quot;:&quot;==&quot;,&quot;operands&quot;:[&quot;[$Supervisor]&quot;,&quot;Summer, Dylan H&quot;]},&quot;sp-css-color-CornflowerBlueFont&quot;,{&quot;operator&quot;:&quot;:&quot;,&quot;operands&quot;:[{&quot;operator&quot;:&quot;==&quot;,&quot;operands&quot;:[&quot;[$Supervisor]&quot;,&quot;Hernandez-Mejia, Jean C&quot;]},&quot;sp-css-color-MintGreenFont&quot;,{&quot;operator&quot;:&quot;:&quot;,&quot;operands&quot;:[{&quot;operator&quot;:&quot;==&quot;,&quot;operands&quot;:[&quot;[$Supervisor]&quot;,&quot;&quot;]},&quot;&quot;,{&quot;operator&quot;:&quot;:&quot;,&quot;operands&quot;:[{&quot;operator&quot;:&quot;==&quot;,&quot;operands&quot;:[&quot;[$Supervisor]&quot;,&quot;N/A&quot;]},&quot;sp-css-color-GoldFont&quot;,&quot;&quot;]}]}]}]}}}]}],&quot;templateId&quot;:&quot;BgColorChoicePill&quot;}\" DisplayName=\"Supervisor\" FillInChoice=\"FALSE\" Format=\"Dropdown\" Name=\"Supervisor\" Title=\"Supervisor\" Type=\"Choice\" ID=\"{f3ee720f-6675-43ac-b34c-07b9cfe50ec9}\" StaticName=\"Supervisor\"><CHOICES><CHOICE>Summer, Dylan H</CHOICE><CHOICE>Hernandez-Mejia, Jean C</CHOICE><CHOICE>N/A</CHOICE></CHOICES><Default>N/A</Default></Field>","<Field ClientSideComponentId=\"00000000-0000-0000-0000-000000000000\" DisplayName=\"Original Gatech Email\" Format=\"Dropdown\" MaxLength=\"255\" Name=\"OriginalGatechemail\" Title=\"Original Gatech Email\" Type=\"Text\" ID=\"{abb63077-36fd-40c4-9413-b5ae2710add2}\" StaticName=\"OriginalGatechemail\" />","<Field ClientSideComponentId=\"00000000-0000-0000-0000-000000000000\" DisplayName=\"Leadership Team\" Format=\"Dropdown\" Name=\"LeadershipTeam\" Required=\"TRUE\" Title=\"Leadership Team\" Type=\"Boolean\" ID=\"{e292af66-aa6e-4624-8f5c-049632dea678}\" StaticName=\"LeadershipTeam\"><Default>0</Default></Field>","<Field DisplayName=\"Full Name\" Format=\"Dropdown\" IsModern=\"TRUE\" MaxLength=\"255\" Name=\"FullName\" Title=\"Full Name\" Type=\"Text\" ID=\"{cdab2b9f-b95e-47ff-8c6f-b3890a503c29}\" StaticName=\"FullName\" />","<Field DisplayName=\"Profile\" Format=\"Dropdown\" IsModern=\"TRUE\" List=\"UserInfo\" Name=\"Profile\" Title=\"Profile\" Type=\"User\" UserSelectionMode=\"0\" UserSelectionScope=\"0\" ID=\"{3493c4bd-0e84-4e67-abbc-0957a2b56a8b}\" StaticName=\"Profile\" />","<Field DisplayName=\"Calibration Custodian\" Format=\"Dropdown\" IsModern=\"TRUE\" Name=\"CalibrationCustodian\" Title=\"Calibration Custodian\" Type=\"Boolean\" ID=\"{e0b04c7d-0cb3-4b35-aebf-fc697e84db45}\" StaticName=\"CalibrationCustodian\"><Default>0</Default></Field>","<Field ID=\"{b1f7969b-ea65-42e1-8b54-b588292635f2}\" Name=\"SelectTitle\" SourceID=\"http://schemas.microsoft.com/sharepoint/v3\" StaticName=\"SelectTitle\" Group=\"_Hidden\" ReadOnly=\"TRUE\" Type=\"Computed\" Hidden=\"TRUE\" CanToggleHidden=\"TRUE\" DisplayName=\"Select\" Dir=\"\" AuthoringInfo=\"(web part connection)\" HeaderImage=\"blank.gif\" Sortable=\"FALSE\" Sealed=\"FALSE\" FromBaseType=\"TRUE\"><FieldRefs><FieldRef Name=\"ID\" /></FieldRefs><DisplayPattern><IfEqual><Expr1><GetVar Name=\"SelectedID\" /></Expr1><Expr2><Column Name=\"ID\" /></Expr2><Then><HTML><![CDATA[<img border=\"0\" align=\"absmiddle\" style=\"cursor: pointer\" src=\"/_layouts/15/images/rbsel.gif?rev=47\" alt=\"]]></HTML><HTML>Selected</HTML><HTML><![CDATA[\"/>]]></HTML></Then><Else><HTML><![CDATA[<a href=\"javascript:SelectField(']]></HTML><GetVar Name=\"View\" /><HTML><![CDATA[',']]></HTML><ScriptQuote NotAddingQuote=\"TRUE\"><Column Name=\"ID\" /></ScriptQuote><HTML><![CDATA[');return false;\" onclick=\"javascript:SelectField(']]></HTML><GetVar Name=\"View\" /><HTML><![CDATA[',']]></HTML><ScriptQuote NotAddingQuote=\"TRUE\"><Column Name=\"ID\" /></ScriptQuote><HTML><![CDATA[');return false;\" target=\"_self\">]]></HTML><HTML><![CDATA[<img border=\"0\" align=\"absmiddle\" style=\"cursor: pointer\" src=\"/_layouts/15/images/rbunsel.gif?rev=47\"  alt=\"]]></HTML><HTML>Normal</HTML><HTML><![CDATA[\"/>]]></HTML><HTML><![CDATA[</a>]]></HTML></Else></IfEqual></DisplayPattern></Field>","<Field ID=\"{1344423c-c7f9-4134-88e4-ad842e2d723c}\" Hidden=\"TRUE\" ReadOnly=\"TRUE\" Type=\"Computed\" Name=\"_EditMenuTableStart2\" SourceID=\"http://schemas.microsoft.com/sharepoint/v3\" StaticName=\"_EditMenuTableStart2\" Group=\"_Hidden\" DisplayName=\"Edit Menu Table Start\" ClassInfo=\"Menu\" FromBaseType=\"TRUE\" Sealed=\"FALSE\"><FieldRefs><FieldRef Name=\"ID\" /></FieldRefs><DisplayPattern><Counter Type=\"View\" /><HTML>\" id=\"</HTML><Column Name=\"ID\" HTMLEncode=\"TRUE\" /></DisplayPattern></Field>","<Field ID=\"{ba3c27ee-4791-4867-8821-ff99000bac98}\" Name=\"PermMask\" SourceID=\"http://schemas.microsoft.com/sharepoint/v3\" StaticName=\"PermMask\" Group=\"_Hidden\" ReadOnly=\"TRUE\" Hidden=\"TRUE\" RenderXMLUsingPattern=\"TRUE\" ShowInFileDlg=\"FALSE\" Type=\"Computed\" DisplayName=\"Effective Permissions Mask\" Sealed=\"FALSE\" FromBaseType=\"TRUE\"><FieldRefs><FieldRef Name=\"ID\" /></FieldRefs><DisplayPattern><CurrentRights /></DisplayPattern></Field>","<Field ID=\"{2ea78cef-1bf9-4019-960a-02c41636cb47}\" Hidden=\"TRUE\" ReadOnly=\"TRUE\" Type=\"Computed\" Name=\"_EditMenuTableEnd\" SourceID=\"http://schemas.microsoft.com/sharepoint/v3\" StaticName=\"_EditMenuTableEnd\" Group=\"_Hidden\" DisplayName=\"Edit Menu Table End\" ClassInfo=\"Menu\" Sealed=\"FALSE\" FromBaseType=\"TRUE\"><FieldRefs><FieldRef Name=\"ID\" /></FieldRefs><DisplayPattern><HTML><![CDATA[</div>]]></HTML><HTML><![CDATA[<div class=\"s4-ctx\" onmouseover=\"OnChildItem(this.parentNode); return false;\">]]></HTML><HTML><![CDATA[<span>&nbsp;</span>]]></HTML><HTML><![CDATA[<a onfocus=\"OnChildItem(this.parentNode.parentNode); return false;\" onclick=\"PopMenuFromChevron(event); return false;\" href=\"javascript:;\" title=\"Open Menu\"></a>]]></HTML><HTML><![CDATA[<span>&nbsp;</span>]]></HTML><HTML><![CDATA[</div>]]></HTML></DisplayPattern></Field>","<Field ID=\"{82642ec8-ef9b-478f-acf9-31f7d45fbc31}\" ReadOnly=\"TRUE\" Type=\"Computed\" Name=\"LinkTitle\" DisplayName=\"Display Name\" DisplayNameSrcField=\"Title\" ClassInfo=\"Menu\" AuthoringInfo=\"(linked to item with edit menu)\" ListItemMenuAllowed=\"Required\" LinkToItemAllowed=\"Prohibited\" SourceID=\"http://schemas.microsoft.com/sharepoint/v3\" StaticName=\"LinkTitle\" FromBaseType=\"TRUE\"><FieldRefs><FieldRef Name=\"Title\" /><FieldRef Name=\"LinkTitleNoMenu\" /><FieldRef Name=\"_EditMenuTableStart2\" /><FieldRef Name=\"_EditMenuTableEnd\" /></FieldRefs><DisplayPattern><FieldSwitch><Expr><GetVar Name=\"FreeForm\" /></Expr><Case Value=\"TRUE\"><Field Name=\"LinkTitleNoMenu\" /></Case><Default><HTML><![CDATA[<div class=\"ms-vb itx\" onmouseover=\"OnItem(this)\" CTXName=\"ctx]]></HTML><Field Name=\"_EditMenuTableStart2\" /><HTML><![CDATA[\">]]></HTML><Field Name=\"LinkTitleNoMenu\" /><HTML><![CDATA[</div>]]></HTML><HTML><![CDATA[<div class=\"s4-ctx\" onmouseover=\"OnChildItem(this.parentNode); return false;\">]]></HTML><HTML><![CDATA[<span>&nbsp;</span>]]></HTML><HTML><![CDATA[<a onfocus=\"OnChildItem(this.parentNode.parentNode); return false;\" onclick=\"PopMenuFromChevron(event); return false;\" href=\"javascript:;\" title=\"Open Menu\"></a>]]></HTML><HTML><![CDATA[<span>&nbsp;</span>]]></HTML><HTML><![CDATA[</div>]]></HTML></Default></FieldSwitch></DisplayPattern></Field>","<Field ID=\"{105f76ce-724a-4bba-aece-f81f2fce58f5}\" Name=\"ServerUrl\" SourceID=\"http://schemas.microsoft.com/sharepoint/v3\" StaticName=\"ServerUrl\" Group=\"_Hidden\" ReadOnly=\"TRUE\" Hidden=\"TRUE\" Type=\"Computed\" DisplayName=\"Server Relative URL\" Filterable=\"FALSE\" RenderXMLUsingPattern=\"TRUE\" Sealed=\"FALSE\" FromBaseType=\"TRUE\"><FieldRefs><FieldRef Name=\"FileRef\" /></FieldRefs><DisplayPattern><HTML>/</HTML><LookupColumn Name=\"FileRef\" /></DisplayPattern></Field>","<Field ID=\"{081c6e4c-5c14-4f20-b23e-1a71ceb6a67c}\" Name=\"DocIcon\" SourceID=\"http://schemas.microsoft.com/sharepoint/v3\" StaticName=\"DocIcon\" Group=\"Base Columns\" Type=\"Computed\" ReadOnly=\"TRUE\" DisplayName=\"Type\" TextOnly=\"TRUE\" ClassInfo=\"Icon\" AuthoringInfo=\"(icon linked to document)\" Sealed=\"FALSE\" FromBaseType=\"TRUE\"><FieldRefs><FieldRef Name=\"File_x0020_Type\" /><FieldRef Name=\"FSObjType\" /><FieldRef Name=\"FileRef\" /><FieldRef Name=\"FileLeafRef\" /><FieldRef Name=\"HTML_x0020_File_x0020_Type\" /><FieldRef Name=\"PermMask\" /><FieldRef Name=\"IconOverlay\" /></FieldRefs><DisplayPattern><SetVar Name=\"DocIconAltText\"><IfEqual><Expr1><LookupColumn Name=\"FSObjType\" /></Expr1><Expr2>1</Expr2><Then><IfSubString><Expr1>0x0120D5</Expr1><Expr2><Column Name=\"ContentTypeId\" /></Expr2><Then><HTML>Document Collection: </HTML><LookupColumn Name=\"FileLeafRef\" HTMLEncode=\"TRUE\" /></Then><Else><HTML>Folder: </HTML><LookupColumn Name=\"FileLeafRef\" HTMLEncode=\"TRUE\" /></Else></IfSubString></Then><Else><LookupColumn Name=\"Title\" HTMLEncode=\"TRUE\" /></Else></IfEqual></SetVar><SetVar Name=\"DocIconImg\"><SetVar Name=\"DocIconFileName\"><IfEqual><Expr1><Column Name=\"IconOverlay\" /></Expr1><Expr2 /><Then><IfEqual><Expr1><LookupColumn Name=\"FSObjType\" /></Expr1><Expr2>1</Expr2><Then><IfEqual><Expr1><Column Name=\"HTML_x0020_File_x0020_Type\" /><HTML>|</HTML><Column Name=\"File_x0020_Type\" /></Expr1><Expr2><HTML>|</HTML></Expr2><Then><HTML>folder.gif</HTML></Then><Else><SetVar Name=\"FolderIconFromMap\"><MapToIcon><Column Name=\"HTML_x0020_File_x0020_Type\" /><HTML>|</HTML><Column Name=\"File_x0020_Type\" /></MapToIcon></SetVar><IfEqual><Expr1><GetVar Name=\"FolderIconFromMap\" /></Expr1><Expr2><MapToIcon /></Expr2><Then><HTML>folder.gif</HTML></Then><Else><GetVar Name=\"FolderIconFromMap\" /></Else></IfEqual></Else></IfEqual></Then><Else><MapToIcon><Column Name=\"HTML_x0020_File_x0020_Type\" /><HTML>|</HTML><Column Name=\"File_x0020_Type\" /></MapToIcon></Else></IfEqual></Then><Else><MapToIcon><Column Name=\"IconOverlay\" /></MapToIcon></Else></IfEqual></SetVar><HTML><![CDATA[<img border=\"0\" alt=\"]]></HTML><GetVar Name=\"DocIconAltText\" /><HTML><![CDATA[\" title=\"]]></HTML><GetVar Name=\"DocIconAltText\" /><HTML><![CDATA[\" src=\"/_layouts/15/images/]]></HTML><GetVar Name=\"DocIconFileName\" /><HTML><![CDATA[\" />]]></HTML></SetVar><SetVar Name=\"DocIconOverlayImg\"><IfEqual><Expr1><Column Name=\"IconOverlay\" /></Expr1><Expr2 /><Then /><Else><HTML><![CDATA[<img class=\"ms-vb-icon-overlay\" alt=\"*\" src=\"/_layouts/15/images/]]></HTML><MapToOverlay><Column Name=\"IconOverlay\" /></MapToOverlay><HTML><![CDATA[\" />]]></HTML></Else></IfEqual></SetVar><IfEqual><Expr1><LookupColumn Name=\"FSObjType\" /></Expr1><Expr2>1</Expr2><Then><FieldSwitch><Expr><GetVar Name=\"RecursiveView\" /></Expr><Case Value=\"1\"><GetVar Name=\"DocIconImg\" /><GetVar Name=\"DocIconOverlayImg\" /></Case><Default><SetVar Name=\"UnencodedFilterLink\"><SetVar Name=\"RootFolder\"><HTML>/</HTML><LookupColumn Name=\"FileRef\" /></SetVar><SetVar Name=\"SkipHost\">1</SetVar><SetVar Name=\"FolderCTID\"><FieldSwitch><Expr><ListProperty Select=\"EnableContentTypes\" /></Expr><Case Value=\"1\"><Column Name=\"ContentTypeId\" /></Case></FieldSwitch></SetVar><FilterLink Default=\"\" Paged=\"FALSE\" /></SetVar><FieldSwitch><Expr><GetVar Name=\"FileDialog\" /></Expr><Case Value=\"1\"><GetVar Name=\"DocIconImg\" /><GetVar Name=\"DocIconOverlayImg\" /></Case><Default><HTML><![CDATA[<a href=\"]]></HTML><GetVar Name=\"UnencodedFilterLink\" HTMLEncode=\"TRUE\" /><HTML><![CDATA[\" onclick=\"javascript:EnterFolder(']]></HTML><ScriptQuote NotAddingQuote=\"TRUE\"><GetVar Name=\"UnencodedFilterLink\" /></ScriptQuote><HTML><![CDATA[');javascript:return false;\">]]></HTML><GetVar Name=\"DocIconImg\" /><GetVar Name=\"DocIconOverlayImg\" /><HTML><![CDATA[</a>]]></HTML></Default></FieldSwitch></Default></FieldSwitch></Then><Else><HTML><![CDATA[<a onfocus=\"OnLink(this)\" href=\"]]></HTML><URL /><HTML><![CDATA[\" onclick=\"GoToLink(this);return false;\" target=\"_self\">]]></HTML><GetVar Name=\"DocIconImg\" /><GetVar Name=\"DocIconOverlayImg\" /><HTML><![CDATA[</a>]]></HTML></Else></IfEqual></DisplayPattern></Field>","<Field ID=\"{3c6303be-e21f-4366-80d7-d6d0a3b22c7a}\" Hidden=\"TRUE\" ReadOnly=\"TRUE\" Type=\"Computed\" Name=\"_EditMenuTableStart\" SourceID=\"http://schemas.microsoft.com/sharepoint/v3\" StaticName=\"_EditMenuTableStart\" Group=\"_Hidden\" DisplayName=\"Edit Menu Table Start\" ClassInfo=\"Menu\" FromBaseType=\"TRUE\" Sealed=\"FALSE\"><FieldRefs><FieldRef Name=\"FileLeafRef\" /><FieldRef Name=\"FileDirRef\" /><FieldRef Name=\"FSObjType\" /><FieldRef Name=\"ID\" /><FieldRef Name=\"ServerUrl\" /><FieldRef Name=\"HTML_x0020_File_x0020_Type\" /><FieldRef Name=\"File_x0020_Type\" /><FieldRef Name=\"PermMask\" /><FieldRef Name=\"_HasCopyDestinations\" /><FieldRef Name=\"_CopySource\" /><FieldRef Name=\"ContentType\" /><FieldRef Name=\"ContentTypeId\" /><FieldRef Name=\"_ModerationStatus\" /><FieldRef Name=\"_UIVersion\" /></FieldRefs><DisplayPattern><HTML><![CDATA[<div class=\"ms-vb\" onmouseover=\"OnItem(this)\" CTXName=\"ctx]]></HTML><Counter Type=\"View\" /><HTML>\" id=\"</HTML><Column Name=\"ID\" HTMLEncode=\"TRUE\" /><HTML>\" Url=\"</HTML><Field Name=\"ServerUrl\" URLEncodeAsURL=\"TRUE\" /><HTML>\" DRef=\"</HTML><Field Name=\"FileDirRef\" /><HTML>\" Perm=\"</HTML><Field Name=\"PermMask\" /><HTML>\" type=\"</HTML><Column Name=\"HTML_x0020_File_x0020_Type\" /><HTML>\" Ext=\"</HTML><Column Name=\"File_x0020_Type\" /><HTML>\" Icon=\"</HTML><MapToAll><Column Name=\"HTML_x0020_File_x0020_Type\" /><HTML>|</HTML><Column Name=\"File_x0020_Type\" /></MapToAll><HTML>\" OType=\"</HTML><LookupColumn Name=\"FSObjType\" /><HTML>\" COUId=\"</HTML><HTML>\" HCD=\"</HTML><Column Name=\"_HasCopyDestinations\" /><HTML>\" CSrc=\"</HTML><Column Name=\"_CopySource\" URLEncodeAsURL=\"TRUE\" /><HTML>\" MS=\"</HTML><Column Name=\"_ModerationStatus\" /><HTML><![CDATA[\" CType=\"]]></HTML><Column Name=\"ContentType\" HTMLEncode=\"TRUE\" /><HTML><![CDATA[\" CId=\"]]></HTML><Column Name=\"ContentTypeId\" /><HTML>\" UIS=\"</HTML><Column Name=\"_UIVersion\" /><GetVar Name=\"_EditMenuTableExtra\" /><HTML>\" SUrl=\"</HTML><HTML><![CDATA[\">]]></HTML></DisplayPattern></Field>","<Field ID=\"{c042a256-787d-4a6f-8a8a-cf6ab767f12d}\" Name=\"ContentType\" SourceID=\"http://schemas.microsoft.com/sharepoint/v3\" StaticName=\"ContentType\" Group=\"_Hidden\" Type=\"Computed\" DisplayName=\"Content Type\" Sortable=\"FALSE\" RenderXMLUsingPattern=\"TRUE\" PITarget=\"MicrosoftWindowsSharePointServices\" PIAttribute=\"ContentTypeID\" Sealed=\"FALSE\" FromBaseType=\"TRUE\"><FieldRefs><FieldRef Name=\"ContentTypeId\" /></FieldRefs><DisplayPattern><MapToContentType><Column Name=\"ContentTypeId\" /></MapToContentType></DisplayPattern></Field>"]}
"Display Name","Name","Email","Role","Supervisor","Original Gatech Email","Leadership Team","Full Name","Profile","Calibration Custodian"
"Summer, Dylan H","Summer, Dylan H","dylan.summer@neetrac.gatech.edu","Supervisor","Hernandez-Mejia, Jean C","dsummer3@gatech.edu","True","Dylan Summer",,"True"
"Hernandez-Mejia, Jean C","Hernandez-Mejia, Jean C","jh480@gatech.edu","Supervisor","Hernandez-Mejia, Jean C","jh480@gatech.edu","True","Jean Hernandez-Mejia",,"False"
"Agosto, Carlos J","Agosto, Carlos J","carlos.agosto@neetrac.gatech.edu","N/A","Summer, Dylan H","cagosto3@gatech.edu","False","Carlos Agosto",,"True"
"Goldenburg, Joseph","Goldenburg, Joseph","joe.goldenburg@neetrac.gatech.edu","N/A","Hernandez-Mejia, Jean C","jg92@gatech.edu","True","Joseph Goldenburg",,"False"
"Arrington, Perry T","Arrington, Perry T","perry.arrington@neetrac.gatech.edu","N/A","Summer, Dylan H","pa48@gatech.edu","False","Perry Arrington",,"False"
"Bosnyak, Travis","Bosnyak, Travis","tbosnyak3@gatech.edu","N/A","Summer, Dylan H","tbosnyak3@gatech.edu","False","Travis Bosnyak",,"False"
"Brown, Ian","Brown, Ian","ibrown60@gatech.edu","N/A","Summer, Dylan H","ibrown60@gatech.edu","False","Ian Brown",,"False"
"Clute, Jason M","Clute, Jason M","jason.clute@neetrac.gatech.edu","N/A","Summer, Dylan H","jclute3@gatech.edu","False","Jason Clute",,"True"
"Contreras, Eduardo A","Contreras, Eduardo A","econtreras7@gatech.edu","N/A","Summer, Dylan H","econtreras7@gatech.edu","False","Eduardo Contreras",,"False"
"Davant, Bryan R","Davant, Bryan R","bryan.davant@neetrac.gatech.edu","N/A","Summer, Dylan H","bdavant3@gatech.edu","False","Bryan Davant",,"True"
"Garner, Kevin","Garner, Kevin","kevin.garner@neetrac.gatech.edu","N/A","Summer, Dylan H","kgarner41@gatech.edu","False","Kevin Garner",,"False"
"Pearson, Alexander C","Pearson, Alexander C","alexander.pearson@neetrac.gatech.edu","N/A","Summer, Dylan H","apearson30@gatech.edu","False","Alexander Pearson",,"False"
"Pena Orozco, Jose D","Pena Orozco, Jose D","jose.pena@neetrac.gatech.edu","N/A","Summer, Dylan H","jpena41@gatech.edu","False","Jose Pena Orozco",,"False"
"Rodriguez, Oscar","Rodriguez, Oscar","oscar.rodriguez@neetrac.gatech.edu","N/A","Summer, Dylan H","orodriguez34@gatech.edu","False","Oscar Rodriguez",,"False"
"Champion, Thomas C","Champion, Thomas C","thomas.champion@ece.gatech.edu","N/A","Summer, Dylan H","tc60@gatech.edu","False","Thomas Champion",,"False"
"Cline, Tristan N","Cline, Tristan N","tristen.cline@neetrac.gatech.edu","N/A","Hernandez-Mejia, Jean C","tcline30@gatech.edu","False","Tristan Cline",,"False"
"Hill, Raymond C","Hill, Raymond C","ray.hill@neetrac.gatech.edu","N/A","Hernandez-Mejia, Jean C","rh133@gatech.edu","False","Raymond Hill",,"False"
"Khan, Qasim","Khan, Qasim","qkhan7@gatech.edu","N/A","Hernandez-Mejia, Jean C","qkhan7@gatech.edu","False","Qasim Khan",,"False"
"Lee, Geon Seok","Lee, Geon Seok","geon.lee@neetrac.gatech.edu","N/A","Hernandez-Mejia, Jean C","glee439@gatech.edu","False","Geon Seok Lee",,"False"
"Parker, Thomas J","Parker, Thomas J","thomas.parker@neetrac.gatech.edu","N/A","Hernandez-Mejia, Jean C","tp58@gatech.edu","False","Thomas Parker",,"False"
"Poda, Anil Babu","Poda, Anil Babu","anil.poda@neetrac.gatech.edu","N/A","Hernandez-Mejia, Jean C","apoda3@gatech.edu","False","Anil Babu Poda",,"False"
"Ramirez Wong, Diana G","Ramirez Wong, Diana G","dwong71@gatech.edu","N/A","Hernandez-Mejia, Jean C","dwong71@gatech.edu","False","Diana Ramirez Wong",,"False"
"Riley, Caryn","Riley, Caryn","caryn.riley@neetrac.gatech.edu","N/A","Hernandez-Mejia, Jean C","cr72@gatech.edu","True","Caryn Riley",,"False"
"Springer, Paul L","Springer, Paul L","ps63@gatech.edu","N/A","Hernandez-Mejia, Jean C","ps63@gatech.edu","False","Paul Springer",,"False"
"Deen, Ashan","Deen, Ashan","ashan@gatech.edu","N/A","Summer, Dylan H","adeen3@gatech.edu","True","Ashan Deen",,"False"
"Wright, Laquita C","Wright, Laquita C","laquita.wright@neetrac.gatech.edu","N/A","N/A","lwright40@gatech.edu","True","Laquita Wright",,"False"
"Schmidle, Suzanne C","Schmidle, Suzanne C","suzanne.schmidle@neetrac.gatech.edu","N/A","N/A","sschmidle3@gatech.edu","True","Suzanne Schmidle",,"False"
" Elledge, Stacy A"," Elledge, Stacy A","stacy.elledge@neetrac.gatech.edu","N/A","N/A","selledge3@gatech.edu","False","Stacy Elledge",,"True"
